source,model,benchmark,questions,correct,accuracy,ci95_low,ci95_high
single_agent_v2,Mistral-7B-Instruct-v0.3,GSM8K,1319,674,0.510993,0.484023,0.537899
single_agent_v2,Mistral-7B-Instruct-v0.3,CommonsenseQA,1221,851,0.69697,0.670607,0.722097
single_agent_v2,Mistral-7B-Instruct-v0.3,MMLU-Pro,12032,3760,0.3125,0.304279,0.320841
single_agent_v2,Mistral-7B-Instruct-v0.3,CS1QA,1847,522,0.28262,0.262553,0.30359
single_agent_v2,Phi-4-mini-instruct,GSM8K,1319,1064,0.806672,0.784481,0.827081
single_agent_v2,Phi-4-mini-instruct,CommonsenseQA,1221,843,0.690418,0.663922,0.715719
single_agent_v2,Phi-4-mini-instruct,MMLU-Pro,12032,5400,0.448803,0.439934,0.457705
single_agent_v2,Phi-4-mini-instruct,CS1QA,1847,598,0.323768,0.302813,0.345455
single_agent_v2,Qwen2.5-7B-Instruct,GSM8K,1319,1145,0.868082,0.848745,0.88528
single_agent_v2,Qwen2.5-7B-Instruct,CommonsenseQA,1221,1002,0.820639,0.798124,0.841143
single_agent_v2,Qwen2.5-7B-Instruct,MMLU-Pro,12032,6111,0.507896,0.498961,0.516825
single_agent_v2,Qwen2.5-7B-Instruct,CS1QA,1847,655,0.354629,0.333133,0.376728
mmad_v3.1_s0,Mistral-7B-Instruct-v0.3,GSM8K,1319,661,0.501137,0.474189,0.528078
mmad_v3.1_s0,Phi-4-mini-instruct,GSM8K,1319,1063,0.805914,0.783694,0.826357
mmad_v3.1_s0,Qwen2.5-7B-Instruct,GSM8K,1319,1147,0.869598,0.850346,0.886703
gemma_tutor_t0_solve1,Gemma-3-27B-IT,GSM8K,1319,1254,0.95072,0.937674,0.961149
gemma_tutor_t0_solve2,Gemma-3-27B-IT,GSM8K,1319,1260,0.955269,0.942729,0.965165
mmad_v3.1_s0,Mistral-7B-Instruct-v0.3,CommonsenseQA,1221,858,0.702703,0.676462,0.727672
mmad_v3.1_s0,Phi-4-mini-instruct,CommonsenseQA,1221,845,0.692056,0.665593,0.717314
mmad_v3.1_s0,Qwen2.5-7B-Instruct,CommonsenseQA,1221,982,0.804259,0.781063,0.825546
gemma_tutor_t0_solve1,Gemma-3-27B-IT,CommonsenseQA,1221,1003,0.821458,0.798978,0.841921
gemma_tutor_t0_solve2,Gemma-3-27B-IT,CommonsenseQA,1221,988,0.809173,0.786175,0.830231
mmad_v3.1_s0,Mistral-7B-Instruct-v0.3,CS1QA,1847,501,0.271251,0.251464,0.291987
mmad_v3.1_s0,Phi-4-mini-instruct,CS1QA,1847,585,0.31673,0.295913,0.338308
mmad_v3.1_s0,Qwen2.5-7B-Instruct,CS1QA,1847,643,0.348132,0.326742,0.370153
gemma_tutor_t0_solve1,Gemma-3-27B-IT,CS1QA,1847,913,0.494315,0.471549,0.517105
gemma_tutor_t0_solve2,Gemma-3-27B-IT,CS1QA,1847,927,0.501895,0.479112,0.52467
mmad_v3.1_s0,Mistral-7B-Instruct-v0.3,MMLU-Pro,12032,3736,0.310505,0.302299,0.318832
mmad_v3.1_s0,Phi-4-mini-instruct,MMLU-Pro,12032,5348,0.444481,0.435622,0.453377
mmad_v3.1_s0,Qwen2.5-7B-Instruct,MMLU-Pro,12032,6051,0.502909,0.493975,0.511841
gemma_tutor_t0_solve1,Gemma-3-27B-IT,MMLU-Pro,12032,7749,0.644033,0.635432,0.652541
gemma_tutor_t0_solve2,Gemma-3-27B-IT,MMLU-Pro,12032,7739,0.643201,0.634597,0.651714
